{
    "drive": {
        "p": 0.01,
        "i": 0.0,
        "d": 0.0,
        "f": 0.2,
        "iz": 0.0,
        "output": {
            "max": 6.2179199999999994,
            "min": -6.2179199999999994
        }
    },
    "angle": {
        "p": 0.5,
        "i": 0.0,
        "d": 0.0,
        "f": 0.0,
        "iz": 0.0,
        "output": {
            "max": 3.141592653589793,
            "min": -3.141592653589793
        }
    }
}
